District,Constituencies ,Winner1,Vote of Winner1,Winner1 Name,Winner 2,Vote of Winner2,Winner2 Name,Winner3,Vote of Winner3,Winner3 Name
Taplejung,Taplejung-1,भुपेन्द्र थेबे,७४३४,नेपाल कम्यूनिष्ट पार्टी (ए. मा. ले),लिला देवी बोखिम लिम्बु,७२९५,नेपाली काँग्रेस,सञ्चपाल मादेन,६२७९,एकीकृत नेपाल कम्युनिष्ट पार्टी (माओवादी)
,Taplejung-2,डम्बरध्वज तुम्बाहाम्फे,७०३४        ,नेपाल कम्यूनिष्ट पार्टी (ए. मा. ले),प्रताप प्रकाश हाङगाम,४८७४,नेपाली काँग्रेस,टंक आङबोहाङ,४५५७,एकीकृत नेपाल कम्युनिष्ट पार्टी (माओवादी)
Panchthar,Panchthar-1,गणेश कुमार काम्बाङ्ग,१३०८२        ,नेपाल कम्यूनिष्ट पार्टी (ए. मा. ले),नरेन्द्र कुमार केरुङ्ग,११५१८,नेपाली काँग्रेस,आइन्द्र कुमार केरुङ्ग,३०९२        ,एकीकृत नेपाल कम्युनिष्ट पार्टी (माओवादी)
,Panchthar-2,भीष्म राज आङदेम्बे,११८३९,नेपाली काँग्रेस,डम्बर सिं सम्बाहाम्फे,९१७९        ,नेपाल कम्यूनिष्ट पार्टी (ए. मा. ले),पदम सुन्दर लावती,४९४३,राष्ट्रिय प्रजातन्त्र पार्टी नेपाल
Illam,Illam-1,झलनाथ खनाल,१७३४२,नेपाल कम्यूनिष्ट पार्टी (ए. मा. ले),हिमालय कर्मचार्य,१५५२७        ,नेपाली काँग्रेस,देवेन्द्र कुमार राई,४५२९        ,"सङ्घीय समाजवादी पार्टी, नेपाल"
,Illam-2,सुवास चन्द्र नेम्बाङ्ग,१४९३०        ,नेपाल कम्यूनिष्ट पार्टी (ए. मा. ले),भेष राज आचार्य,१२८२८        ,नेपाली काँग्रेस,रमेश कुमार लिङदेन,४६४८        ,एकीकृत नेपाल कम्युनिष्ट पार्टी (माओवादी)
,Illam-3,केशव थापा,१५८६८        ,नेपाली काँग्रेस,टेक बहादुर राई,१३७०७        ,नेपाल कम्यूनिष्ट पार्टी (ए. मा. ले),धिरेन्द्र शर्मा,३७४५        ,एकीकृत नेपाल कम्युनिष्ट पार्टी (माओवादी)
Jhapa,Jhapa-1,रविन कोइराला,१७२२९,नेपाल कम्यूनिष्ट पार्टी (ए. मा. ले),विश्व प्रकाश शर्मा,१६५४०        ,नेपाली काँग्रेस,बोधराज दाहाल,६८५८        ,एकीकृत नेपाल कम्युनिष्ट पार्टी (माओवादी)
,Jhapa-2,सुधिर कुमार सिवाकोटी,१३५५४,नेपाली काँग्रेस,पवित्रा निरौला (खरेल),१२८२५        ,नेपाल कम्यूनिष्ट पार्टी (ए. मा. ले),पूर्ण प्रसाद राजवंशी,१०१०८        ,एकीकृत नेपाल कम्युनिष्ट पार्टी (माओवादी)
,Jhapa-3,कृष्ण प्रसाद सिटौला,१४३५५,नेपाली काँग्रेस,राजेन्द्र प्रसाद लिङदेन,९२५३,राष्ट्रिय प्रजातन्त्र पार्टी नेपाल,वसन्त कुमार बानिया,६४६२        ,नेपाल कम्यूनिष्ट पार्टी (ए. मा. ले)
,Jhapa-4,प्रेम बहादुर गिरी,२२१५९        ,नेपाल कम्यूनिष्ट पार्टी (ए. मा. ले),उद्धव थापा,२०१७७        ,नेपाली काँग्रेस,पुरुषोत्तम चुडाल,६६४८        ,एकीकृत नेपाल कम्युनिष्ट पार्टी (माओवादी)
,Jhapa-5,केशब कुमार बुढाथोकी,१६५८७        ,नेपाली काँग्रेस,लाल प्रसाद सावा लिम्बु,१६३४७        ,नेपाल कम्यूनिष्ट पार्टी (ए. मा. ले),झलक बहादुर मगर,९१७२,एकीकृत नेपाल कम्युनिष्ट पार्टी (माओवादी)
,Jhapa-6,दिपक कार्की,११३२६        ,नेपाल कम्यूनिष्ट पार्टी (ए. मा. ले),राम कुमारी पौडेल,८२७२        ,नेपाली काँग्रेस,पुष्प लाल ढकाल,७५००        ,एकीकृत नेपाल कम्युनिष्ट पार्टी (माओवादी)
,Jhapa-7,के.पी. शर्मा ओली,१९२८७        ,नेपाल कम्यूनिष्ट पार्टी (ए. मा. ले),सुरेश कुमार योङगया,११०४१        ,नेपाली काँग्रेस,राम कुमार थापा,९३३५        ,राष्ट्रिय प्रजातन्त्र पार्टी नेपाल
Sankhuwasabha,Sankhuwasabha-1,तारा मान गुरुङ्ग,९४१५        ,नेपाली काँग्रेस,हेम राज घिमिरे,८९४६        ,नेपाल कम्यूनिष्ट पार्टी (ए. मा. ले),इन्द्र हाङ्ग राई,४४३८        ,एकीकृत नेपाल कम्युनिष्ट पार्टी (माओवादी)
,Sankhuwasabha-2,दिपक खड्का,११५५२,नेपाली काँग्रेस,राजेन्द्र प्रसाद गौतम,१०९७३        ,नेपाल कम्यूनिष्ट पार्टी (ए. मा. ले),राजेन्द्र कुमार किँराती (जिमी),४२९३,एकीकृत नेपाल कम्युनिष्ट पार्टी (माओवादी)
Terhathum,Terhathum-1,भवानी प्रसाद खापुङ्ग,१५१११        ,नेपाल कम्यूनिष्ट पार्टी (ए. मा. ले),तुलसी सुव्वा,१३१०८        ,नेपाली काँग्रेस,दुर्गा प्रसाद चापागाँई,५८३७        ,एकीकृत नेपाल कम्युनिष्ट पार्टी (माओवादी)
Bhojpur,Bhojpur-1,कृपासुर शेर्पा,११४५०        ,नेपाल कम्यूनिष्ट पार्टी (ए. मा. ले),धर्म राज राई,८९७०        ,नेपाली काँग्रेस,अजम्बर राई(काङमाङ),४०६६        ,"सङ्घीय समाजवादी पार्टी, नेपाल"
,Bhojpur-2,शेरधन राई,११९२७        ,नेपाल कम्यूनिष्ट पार्टी (ए. मा. ले),सुदन किराँती,७४४४        ,एकीकृत नेपाल कम्युनिष्ट पार्टी (माओवादी),बाल कृष्ण थापा,६३५३        ,नेपाली काँग्रेस
Dhankuta,Dhankuta-1,टिका राम चेम्जोङ्ग  लिम्बू,१०९५३,नेपाल कम्यूनिष्ट पार्टी (ए. मा. ले),अजित नारायण सिहं थापा,७४४८,नेपाली काँग्रेस,हेम राज भण्डारी,४७९७,एकीकृत नेपाल कम्युनिष्ट पार्टी (माओवादी)
,Dhankuta-2,सुनिल बहादुर थापा,१००९३,राष्ट्रिय प्रजातन्त्र पार्टी,राजेन्द्र कुमार राई,९६३७,नेपाल कम्यूनिष्ट पार्टी (ए. मा. ले),हरिराज खेवाहाङ्ग लिम्बु,४२८६,एकीकृत नेपाल कम्युनिष्ट पार्टी (माओवादी)
Morang,Morang-1,ऋषिकेश पोखरेल,१४०००,नेपाल कम्यूनिष्ट पार्टी (ए. मा. ले),आमोद प्रसाद उपाध्याय,१०९४०,नेपाली काँग्रेस,गणेश प्रसाद उप्रेती,६५०१,एकीकृत नेपाल कम्युनिष्ट पार्टी (माओवादी)
,Morang-2,चण्डि प्रसाद राई,१४५१६,नेपाल कम्यूनिष्ट पार्टी (ए. मा. ले),शेखर चन्द्र थापा,१११४४,नेपाली काँग्रेस,कुमार प्रसाद पौडेल,५४८७,एकीकृत नेपाल कम्युनिष्ट पार्टी (माओवादी)
,Morang-3,दिलिप खवास गच्छदार,१२९८४,नेपाली काँग्रेस,गुरु प्रसाद वराल,१२६७४,नेपाल कम्यूनिष्ट पार्टी (ए. मा. ले),खेम राज भट्टराई,६२६६,एकीकृत नेपाल कम्युनिष्ट पार्टी (माओवादी)
,Morang-4,शिव कुमार मण्डल केवट,९३६०,एकीकृत नेपाल कम्युनिष्ट पार्टी (माओवादी),गयानन्द मण्डल गनगाई,९३५२,नेपाली काँग्रेस,ज्ञानेश्वर राजवंशी,७७३०,नेपाल कम्यूनिष्ट पार्टी (ए. मा. ले)
,Morang-5,अमृत कुमार अर्याल,१५२५४,नेपाली काँग्रेस,उपेन्द्र यादव,१२५६६,"मधेशी जनअधिकार फोरम, नेपाल",वालेश्वर कामत,३७८०,एकीकृत नेपाल कम्युनिष्ट पार्टी (माओवादी)
,Morang-6,महेश आचार्य,१२५५२,नेपाली काँग्रेस,भक्ति नाथ माझी थारु,७५६८,"मधेशी जनअधिकार फोरम, नेपाल(लोकतान्त्रिक)        ",महेश प्रसाद भट्टराई,५६००,नेपाल कम्यूनिष्ट पार्टी (ए. मा. ले)        
,Morang-7,डा. शेखर कोईराला,१२९८२,नेपाली काँग्रेस,विजय कुमार गच्छदार,१०५६४,"मधेशी जनअधिकार फोरम, नेपाल(लोकतान्त्रिक)",गोपाल क्षेत्री,५६४४,एकीकृत नेपाल कम्युनिष्ट पार्टी (माओवादी)
,Morang-8,चन्द्र बहादुर गुरुङ्ग,१७४०१,नेपाल कम्यूनिष्ट पार्टी (ए. मा. ले),रमेश जंग रायमाझी,१४३२४,नेपाली काँग्रेस,गोपी बहादुर सार्की (आछामी)        ,६०९३,एकीकृत नेपाल कम्युनिष्ट पार्टी (माओवादी)
,Morang-9,डिग बहादुर लिम्बु,१५२०२,नेपाली काँग्रेस,घन श्याम खतिवडा,१२९८९,नेपाल कम्यूनिष्ट पार्टी (ए. मा. ले),वर्ष मान पुन,८५३२,एकीकृत नेपाल कम्युनिष्ट पार्टी (माओवादी)
Sunsari,Sunsari-1,कृष्ण कुमार राई,१४३८४,नेपाल कम्यूनिष्ट पार्टी (ए. मा. ले),चन्द्र प्रसाद श्रेष्ठ,१२३३७,नेपलली काँग्रेस,मुक्सामहाङ सुब्बा लिम्बु,९०२५,एकीकृत नेपाल कम्युनिष्ट पार्टी (माओवादी)
,Sunsari-2,रेवती रमण भण्डारी,१८४७४,नेपाल कम्यूनिष्ट पार्टी (ए. मा. ले),बद्री नारायण चौधरी,११४४३,नेपाली काँग्रेस,नरेन्द्र कुमार चौधरी,७४६८,"मधेशी जनअधिकार फोरम, नेपाल(लोकतान्त्रिक)"
,Sunsari-3,विजय कुमार गच्छदार,१७५२४,"मधेशी जनअधिकार फोरम, नेपाल(लोकतान्त्रिक)",भगवती चौधरी,१७१६२,नेपाल कम्यूनिष्ट पार्टी (ए. मा. ले),गोमा कुमारी पराजुली (अंसारी),७८६५,नेपाली काँग्रेस
,Sunsari-4,सिताराम महतो,१५२०८,नेपाली काँग्रेस,खेमराज पोखरेल,१०६५३,नेपाल कम्यूनिष्ट पार्टी (ए. मा. ले),अरबिन्द प्रसाद मेहता,७३३७,"मधेशी जनअधिकार फोरम, नेपाल(लोकतान्त्रिक)"
,Sunsari-5,उपेन्द्र यादव,७२६४,"मधेशी जनअधिकार फोरम, नेपाल",गफार अंसारी मिया,६८८१,"मधेशी जनअधिकार फोरम, नेपाल(लोकतान्त्रिक)",जगदिश प्रसाद कुशियैत,५५६१,नेपाल कम्यूनिष्ट पार्टी (ए. मा. ले)
,Sunsari-6,भिम प्रसाद आचार्य,१४१०१,नेपाल कम्यूनिष्ट पार्टी (ए. मा. ले),राम बहादुर बस्नेत,११८१४,नेपाली काँग्रेस,डम्मरु सुवेदी,४३३५,एकीकृत नेपाल कम्युनिष्ट पार्टी (माओवादी)
Solukhumbu,Solukhumbu-1,बल बहादुर के.सी,१२४६४,नेपाली काँग्रेस,आङ ङिमा लामा शेर्पा,१०१०४,नेपाल कम्यूनिष्ट पार्टी (ए. मा. ले),गोम्बु शेर्पा,६२६९,एकीकृत नेपाल कम्युनिष्ट पार्टी (माओवादी)
Khotang,Khotang-1,विशाल भट्टराई,१०८२४,नेपाल कम्यूनिष्ट पार्टी (ए. मा. ले),नरेश कुमार श्रेष्ठ,९८४१,नेपाली काँग्रेस,दुर्गा जयन्ती राई,७५०१,एकीकृत नेपाल कम्युनिष्ट पार्टी (माओवादी)
,Khotang-2,विशाल भट्टराई,१४०३७,नेपाल कम्यूनिष्ट पार्टी (ए. मा. ले),विष्णु कुमार राई,९१२२,नेपाली काँग्रेस,देवान चाम्लिङ्ग,६१५४,एकीकृत नेपाल कम्युनिष्ट पार्टी (माओवादी)
Okhaldhunga,Okhaldhunga-1,यज्ञ राज सुनुवार,१२९४३,नेपाल कम्यूनिष्ट पार्टी (ए. मा. ले),बाल कृष्ण दाहाल,९९४३,नेपाली काँग्रेस,केशव राई,२९६३,एकीकृत नेपाल कम्युनिष्ट पार्टी (माओवादी)
,Okhaldhunga-2,राम हरी खतिवडा,१३९०४,नेपाली काँग्रेस,नानी बाबु बुढाथोकी,८५१०,नेपाल कम्यूनिष्ट पार्टी (ए. मा. ले),पेशल कुमार खतिवडा,३६३६,एकीकृत नेपाल कम्युनिष्ट पार्टी (माओवादी)
Udayapur,Udayapur-1,डा. नारायण खड्का,१५३८१,नेपाली काँग्रेस,मणिराज उपाध्याय पौडेल,७२९८,नेपाल कम्यूनिष्ट पार्टी (ए. मा. ले),राजन किराती,६६४८,एकीकृत नेपाल कम्युनिष्ट पार्टी (माओवादी)
,Udayapur-2,मंजु कुमारी चौधरी,७५३४,नेपाल कम्यूनिष्ट पार्टी (ए. मा. ले),प्रमिला राई,७५११,नेपाली काँग्रेस,हरि बहादुर बस्नेत,६२६०,राष्ट्रिय प्रजातन्त्र पार्टी
,Udayapur-3,नारायण बहादुर कार्की,१२५५०        ,नेपाली काँग्रेस,जगन्नाथ खतिवडा,९४२२        ,नेपाल कम्यूनिष्ट पार्टी (ए. मा. ले),मोहन बहादुर खत्री,५४७०        ,एकीकृत नेपाल कम्युनिष्ट पार्टी (माओवादी)
Saptari,Saptari-1,मानपुर चौधरी,९८४४        ,एकीकृत नेपाल कम्युनिष्ट पार्टी (माओवादी),सुमन राज प्याकुरेल,८२४२        ,नेपाल कम्यूनिष्ट पार्टी (ए. मा. ले),हेम राज तातेड,५५४९        ,"मधेशी जनअधिकार फोरम, नेपाल(लोकतान्त्रिक)"
,Saptari-2,अशोक कुमार मंडल,६०५७        ,एकीकृत नेपाल कम्युनिष्ट पार्टी (माओवादी),नवल किसोर साह सुडि,५६२४        ,सद्भावना पार्टी,चन्द्र नारायण यादव,४८३५        ,"मधेशी जनअधिकार फोरम, नेपाल(लोकतान्त्रिक)"
,Saptari-3,उमेश कुमार यादब,८७४६,एकीकृत नेपाल कम्युनिष्ट पार्टी (माओवादी),शैलेन्द्र प्रसाद साह,६४८७        ,"मधेशी जनअधिकार फोरम, नेपाल",जय प्रकाश ठाकुर,४५५३        ,तराई–मधेश लोकतान्त्रिक पार्टी
,Saptari-4,तारा कान्त चौधरी        ,८२१७        ,नेपाल कम्यूनिष्ट पार्टी (ए. मा. ले)        ,दिनेश कुमार यादव,६९८५,नेपाली काँग्रेस        ,सत्य नारायण यादव        ,४३८४        ,"मधेशी जनअधिकार फोरम, नेपाल(लोकतान्त्रिक)        "
,Saptari-5,तेजु लाल चौधरी थारु,७९५९,नेपाली काँग्रेस        ,गोविन्द वहादुर न्यौपाने        ,७६६३,नेपाल कम्यूनिष्ट पार्टी (ए. मा. ले)        ,छेदी लाल चौधरी थारु        ,६४२३,"मधेशी जनअधिकार फोरम, नेपाल(लोकतान्त्रिक)        "
,Saptari-6,सुरेन्द्र प्रसाद यादव        ,५८८३,नेपाली काँग्रेस,मृगेन्द्र कुमार सिंह यादव,५६२३,"मधेशी जनअधिकार फोरम, नेपाल(लोकतान्त्रिक)",मो० इस्लाम ‍ं,५१५६,दलित जनजाति पार्टी
Siraha,Siraha-1,पद्मम नारायण चौधरी,१२१८३,नेपाली काँग्रेस,मुनि साह सुडी,८२७७,एकीकृत नेपाल कम्युनिष्ट पार्टी (माओवादी),राजेन्द्र महतो,७४९३,नेपाल कम्यूनिष्ट पार्टी (ए. मा. ले)        
,Siraha-2,रामचन्द्र यादव,९८१८,नेपाल कम्यूनिष्ट पार्टी (ए. मा. ले),सुर्य नारायण यादव,८१३७,नेपाली काँग्रेस,राजलाल यादव,५५८१,राजलाल यादव
,Siraha-3,सिता देवी यादव,१११४२,नेपाली काँग्रेस,प्रमोद कुमार यादव,७९६४,नेपाल कम्यूनिष्ट पार्टी (ए. मा. ले),राम रिझन यादव,४४५७,एकीकृत नेपाल कम्युनिष्ट पार्टी (माओवादी)
,Siraha-4,राम चन्द्र यादव,८८०५,नेपाली काँग्रेस,राम औतार यादव,८५६०,नेपाल कम्यूनिष्ट पार्टी (ए. मा. ले),सत्रुधन प्रसाद सिंह,६५४३,"मधेशी जनअधिकार फोरम, नेपाल(लोकतान्त्रिक)"
,Siraha-5,पुष्प कमल दाहाल (प्रचण्ड),१५२४४,एकीकृत नेपाल कम्युनिष्ट पार्टी (माओवादी),लिला नाथ श्रेष्ठ,१४३२३,नेपाल कम्यूनिष्ट पार्टी (ए. मा. ले),राम कुमार मण्डल,१११०,तराई मधेश सदभावना पार्टी नेपाल
,Siraha-6,गणेश कुमार मण्डल,६३२२,नेपाली काँग्रेस,अमर नाथ यादब,५५१२,एकीकृत नेपाल कम्युनिष्ट पार्टी (माओवादी),सीता कुमारी देवी साह,४८०५,नेपाल कम्यूनिष्ट पार्टी (ए. मा. ले)
Dolakha,Dolakha-1,पार्वत गुरुङ,१६२८१,नेपाल कम्यूनिष्ट पार्टी (ए. मा. ले),जिप छिरिङ लामा,१२२९८,नेपाली काँग्रेस,विशाल खड्का,९०७८,एकीकृत नेपाल कम्युनिष्ट पार्टी (माओवादी)
,Dolakha-2,आनन्द प्रसाद पोखरेल,१४७०२,नेपाल कम्यूनिष्ट पार्टी (ए. मा. ले),तारा बहादुर कोइराला,१०६६३,नेपाली काँग्रेस,शंकर लामा,८७४९,एकीकृत नेपाल कम्युनिष्ट पार्टी (माओवादी)
Ramechhap,Ramechhap-1,आङटावा शेर्पा,१३६१५,नेपाली काँग्रेस,लक्ष्मी देवी गुरुङ,९९०३,एकीकृत नेपाल कम्युनिष्ट पार्टी (माओवादी),कमल प्रकाश सुनुवार,९०२२,नेपाल कम्यूनिष्ट पार्टी (ए. मा. ले)
,Ramechhap-2,श्याम कुमार श्रेष्ठ,१४८९८,एकीकृत नेपाल कम्युनिष्ट पार्टी (माओवादी),कैलाश प्रासद ढुंगेल,१०६३९,नेपाल कम्यूनिष्ट पार्टी (ए. मा. ले),राम चन्द्र खड्का,९४४४,नेपाली काँग्रेस
Sindhuli,Sindhuli-1,गणेश कुमार पहाडी,१०९०१,नेपाल कम्यूनिष्ट पार्टी (ए. मा. ले),लेख नाथ दाहाल,८९२६,एकीकृत नेपाल कम्युनिष्ट पार्टी (माओवादी),विपिन कोइराला,७९५६,नेपाली काँग्रेस
,Sindhuli-2,मोहन प्रसाद वराल,१३९०५,नेपाली काँग्रेस,गंगा नारायण श्रेष्ठ,१२३७२,एकीकृत नेपाल कम्युनिष्ट पार्टी (माओवादी),उमा देवी कोइराला,९०८०,नेपाल कम्यूनिष्ट पार्टी (ए. मा. ले)
,Sindhuli-3,हरिवोल प्रसाद गजुरेल,१२७७०,एकीकृत नेपाल कम्युनिष्ट पार्टी (माओवादी),खड्ग बहादुर वाईवा,९०७०,कमल जंग राई,कमल जंग राई,७७८७,नेपाल कम्यूनिष्ट पार्टी (ए. मा. ले)
Dhanusha,Dhanusha-1,दिनेश प्रसाद परसैला यादव,८८२७,नेपाली काँग्रेस,जोग कुमार वरवरिया यादव,७९४६,स्वतन्त्र,रामचन्द्र झा,५३१०,एकीकृत नेपाल कम्युनिष्ट पार्टी (माओवादी)
,Dhanusha-2,राम कृष्ण यादव,९३७८,नेपाली काँग्रेस,राम चन्द्र मण्डल,७१४४,एकीकृत नेपाल कम्युनिष्ट पार्टी (माओवादी),भोला प्रसाद साह,५३६५,नेपाल कम्यूनिष्ट पार्टी (ए. मा. ले)
,Dhanusha-3,विमलेन्द्र निधि,१५०३१,नेपाली काँग्रेस,जुली कुमारी महतो,१३५३९,नेपाल कम्यूनिष्ट पार्टी (ए. मा. ले),हरिदेव - मण्डल,२५२३,एकीकृत नेपाल कम्युनिष्ट पार्टी (माओवादी)
,Dhanusha-4,संजय कुमार साह,१२६६६,सद्भावना पार्टी,राम सरोज यादव,११४२६,नेपाली काँग्रेस,वृषेश चन्द्र लाल,२६५०,तराई–मधेश लोकतान्त्रिक पार्टी
,Dhanusha-5,प्रा.डा.चन्द्र मोहन यादव,११७०५,नेपाली काँग्रेस,रघुबिर महासेठ,१००२३,नेपाल कम्यूनिष्ट पार्टी (ए. मा. ले),अनिता कुमारी यादव,८३६५,तराई–मधेश लोकतान्त्रिक पार्टी
,Dhanusha-6,प्रेम किसोर प्रसाद साह तेली,७७२५,नेपाली काँग्रेस,योग नारायण यादव,७३५६,नेपाल कम्यूनिष्ट पार्टी (ए. मा. ले),योग नारायण यादव,७३५६,नेपाल कम्यूनिष्ट पार्टी (ए. मा. ले)
,Dhanusha-7,शत्रुधन महतो,८८२७,नेपाल कम्यूनिष्ट पार्टी (ए. मा. ले),बासुलाल महतो कोइरी,८४९२,नेपाली काँग्रेस,समिर घिमिरे भन्ने यज्ञ राज शर्मा घिमिरे,६०७८,स्वतन्त्र
Mahottari,Mahottari-1,गिरीराज मणी पोखरेल,१०८९५,एकीकृत नेपाल कम्युनिष्ट पार्टी (माओवादी),चिरञ्जीवी हमाल,८९११,नेपाली काँग्रेस,शरत सिंह भण्डारी,७०४९,राष्ट्रिय मधेश समाजवादी पार्टी
,Mahottari-2,किरण यादव,७३५७,नेपाली काँग्रेस,जयनुल राईन,५५२१,राष्ट्रिय मधेश समाजवादी पार्टी,रुपा कुमारी यादव,४०४८,तराई–मधेश लोकतान्त्रिक पार्टी
,Mahottari-3,राम दयाल मण्डल,७८४९,नेपाल कम्यूनिष्ट पार्टी (ए. मा. ले),रामचन्द्र तिवारी,४८०६,नेपाली काँग्रेस,रामआधार कापर,४४७४,एकीकृत नेपाल कम्युनिष्ट पार्टी (माओवादी)
,Mahottari-4,चन्‍देश्‍वर झा,३०६२,स्वतन्त्र,सुरीता कुमारी साह,२९२७,सद्भावना पार्टी,हरि नारायण मण्डल,२७६५,तराई–मधेश लोकतान्त्रिक पार्टी
,Mahottari-5,दिप नारायण साह,७२७६,नेपाल कम्यूनिष्ट पार्टी (ए. मा. ले),मो. रजी हैदर,६९४३,एकीकृत नेपाल कम्युनिष्ट पार्टी (माओवादी),महेन्द्र कुमार राय,५८१८,नेपाली काँग्रेस
,Mahottari-6,सिताराम भण्डारी,९४८०,नेपाली काँग्रेस,भरत प्रसाद साह,७१६२,एकीकृत नेपाल कम्युनिष्ट पार्टी (माओवादी),शरत सिंह भण्डारी,६६६०,राष्ट्रिय मधेश समाजवादी पार्टी
Sarlahi,Sarlahi-1,शम्भु लाल श्रेष्ठ,९४७६,एकीकृत नेपाल कम्युनिष्ट पार्टी (माओवादी),झल नाथ खनाल,८७९१,नेपाल कम्यूनिष्ट पार्टी (ए. मा. ले),रामचन्द्र सिंह कुशवाहा,४५८८,तराई मधेश सदभावना पार्टी नेपाल
,Sarlahi-2,राम चन्द्र चौधरी,६७०४,नेपाली काँग्रेस,सुरेन्द्र कुमार लामा,६३५९,नेपाल कम्यूनिष्ट पार्टी (ए. मा. ले),राजकुमार राय यादव,४७११,एकीकृत नेपाल कम्युनिष्ट पार्टी (माओवादी)
,Sarlahi-3,हरि प्रसाद उप्रेती,१२८०८,नेपाल कम्यूनिष्ट पार्टी (ए. मा. ले),भरत कुमार थापा,९१०१,एकीकृत नेपाल कम्युनिष्ट पार्टी (माओवादी),असोक कुमार सिंह,५०५९,"मधेशी जनअधिकार फोरम, नेपाल"
,Sarlahi-4,महेन्द्र राय यादव,११५३४,तराई मधेश सदभावना पार्टी नेपाल,राजेन्द्र महतो,८७९०,सद्भावना पार्टी,राज नारायण साह,८३४८,नेपाल कम्यूनिष्ट पार्टी (ए. मा. ले)
,Sarlahi-5,जंगि लाल राय,९७६७,तराई–मधेश लोकतान्त्रिक पार्टी,प्रमोद साह,७७२३,सद्भावना पार्टी,रामेश्वर राय यादव,७४८३,"मधेशी जनअधिकार फोरम, नेपाल(लोकतान्त्रिक)"
,Sarlahi-6,अमरेश कुमार सिंह,१७४००,नेपाली काँग्रेस,शिव पुजन राय,१०३६५,तराई मधेश सदभावना पार्टी नेपाल,महन्थ ठाकुर,७०३२,तराई–मधेश लोकतान्त्रिक पार्टी
Rasuwa-1,Rasuwa-1,जनार्दन ढकाल,६६२८,नेपाल कम्यूनिष्ट पार्टी (ए. मा. ले),प्रेम बहादुर तमाङ,६१९२,एकीकृत नेपाल कम्युनिष्ट पार्टी (माओवादी),लामा कार्पु तमाङ,४९४८,नेपाली काँग्रेस
Dhading-1,Dhading-1,धन बहादुर घले,८६६३,नेपाल कम्यूनिष्ट पार्टी (ए. मा. ले),तिलक प्रसाद रुवाली,७६५६,नेपाली काँग्रेस,बुद्धि मान तामाङ,६९४५,राष्ट्रिय प्रजातन्त्र पार्टी
,Dhading-2,गुरु प्रसाद बुर्लाकोटी,२०२३६,नेपाल कम्यूनिष्ट पार्टी (ए. मा. ले),राम नाथ अधिकारी,१८१३६,नेपाली काँग्रेस,कल्पना धमला,९१७९,एकीकृत नेपाल कम्युनिष्ट पार्टी (माओवादी)
,Dhading-3,राजेन्द्र प्रसाद पाण्डे,२२१९६,नेपाल कम्यूनिष्ट पार्टी (ए. मा. ले),शालिक राम जम्कट्टेल,१५६९८,एकीकृत नेपाल कम्युनिष्ट पार्टी (माओवादी),बुद्ध लक्ष्मी लामा,७२६८,नेपाली काँग्रेस
Nuwakot,Nuwakot-1,अर्जुन नरसिं के.सी.,१७३४६,नेपाली काँग्रेस,विमला सुवेदी,९१४५,एकीकृत नेपाल कम्युनिष्ट पार्टी (माओवादी),डा.श्री प्रकाश चन्द्र लोहनी,६९२७,राष्ट्रिय प्रजातन्त्र पार्टी
,Nuwakot-2,डा.रामशरण महत,१८८३१,नेपाली काँग्रेस,हित बहादुर तामाङ,१५२३३,एकीकृत नेपाल कम्युनिष्ट पार्टी (माओवादी),शान्ता थापा (अधिकारी),२२५८,नेपाल कम्यूनिष्ट पार्टी (ए. मा. ले)
,Nuwakot-3,बहादुर सिंह लामा(तामाङ),१७४९५,नेपाली काँग्रेस,नारायण प्रसाद खतिवडा,९२७५,नेपाल कम्यूनिष्ट पार्टी (ए. मा. ले),पोष्ट बहादुर बोगटी,८५०८,एकीकृत नेपाल कम्युनिष्ट पार्टी (माओवादी)
Kathmandu,Kathmandu-1,प्रकाश मान सिंह,१५१३८,नेपाली काँग्रेस,रेणु दाहाल,४०६४,एकीकृत नेपाल कम्युनिष्ट पार्टी (माओवादी),भरतमणी जंगम,३७३२,राष्ट्रिय प्रजातन्त्र पार्टी नेपाल
,Kathmandu-2,माधव कुमार नेपाल,२१७४८,नेपाल कम्यूनिष्ट पार्टी (ए. मा. ले),प्रतिमा गौतम,१२४७५,नेपाली काँग्रेस,लिलामणि पोखरेल,७१५४,एकीकृत नेपाल कम्युनिष्ट पार्टी (माओवादी)
,Kathmandu-3,रामेश्‍वर फुयाल,१३१०४,नेपाल कम्यूनिष्ट पार्टी (ए. मा. ले),चक्र बहादुर ठकुरी,१२२४६,नेपाली काँग्रेस,गणेश प्रसाद रेग्मी,४८३८,एकीकृत नेपाल कम्युनिष्ट पार्टी (माओवादी)
,Kathmandu-4,गगन कुमार थापा,२२३३६,नेपाली काँग्रेस,निर्मल कुइकेल,९१३५,नेपाल कम्यूनिष्ट पार्टी (ए. मा. ले),नन्द बहादुर पुन,६४६२,एकीकृत नेपाल कम्युनिष्ट पार्टी (माओवादी)
,Kathmandu-5,नरहरि आचार्य,१५३६४,नेपाली काँग्रेस,ईश्‍वर पोखरेल,१४७२३,नेपाल कम्यूनिष्ट पार्टी (ए. मा. ले),राजा राम श्रेष्‍ठ,४३५९,राष्ट्रिय प्रजातन्त्र पार्टी नेपाल
,Kathmandu-6,भिमसेन दास प्रधान,१४१५१,नेपाली काँग्रेस,योगेश कुमार भट्टराई,१२८७४,नेपाल कम्यूनिष्ट पार्टी (ए. मा. ले),हेम लाल शर्मा (हिमाल),५९६४,एकीकृत नेपाल कम्युनिष्ट पार्टी (माओवादी)
,Kathmandu-7,राम वीर मानन्धर,१३२८९,नेपाल कम्यूनिष्ट पार्टी (ए. मा. ले),प्रमिला देवीसिंह डंगोल,१०४८६,नेपाली काँग्रेस,हिसिला यमी,७०१५,एकीकृत नेपाल कम्युनिष्ट पार्टी (माओवादी)
,Kathmandu-8,नविन्द्र राज जोशी,१३७७४,नेपाली काँग्रेस,जिवन राम श्रेष्ठ,६३६७,नेपाल कम्यूनिष्ट पार्टी (ए. मा. ले),प्रकाश रिमाल,४९३८,राष्ट्रिय प्रजातन्त्र पार्टी नेपाल
,Kathmandu-9,ध्यान गोविन्द रंजित,१४४८३,नेपाली काँग्रेस,कृष्ण गोपाल श्रेष्ठ,१३१००,नेपाल कम्यूनिष्ट पार्टी (ए. मा. ले),देवेन्द्र पौडेल,६६६९,एकीकृत नेपाल कम्युनिष्ट पार्टी (माओवादी)
,Kathmandu-10,राजेन्द्र कुमार के.सी,२०३९२,नेपाली काँग्रेस,सुरेन्द्र मानन्धर,१३६१९,नेपाल कम्यूनिष्ट पार्टी (ए. मा. ले),पुष्प कमल दाहाल 'प्रचण्ड',१२८५९,एकीकृत नेपाल कम्युनिष्ट पार्टी (माओवादी)
Bhaktapur,Bhaktapur-1,नारायण मान बिजुक्छे,२०४४६,नेपाल मजदुर किसान पार्टी,कृष्ण लाल भंडेल,१२८२६,नेपाली काँग्रेस,सानु सुवाल,६२१६,एकीकृत नेपाल कम्युनिष्ट पार्टी (माओवादी)
,Bhaktapur-2,रामेश्‍वर प्रसाद ढुङ्गेल,२११२१,नेपाली काँग्रेस,सुनिल प्रजापती,१७४११,नेपाल मजदुर किसान पार्टी,महेश वस्‍नेत,१६०२९,नेपाल कम्यूनिष्ट पार्टी (ए. मा. ले)
Lalitpur,Lalitpur-1,उदय शम्शेर जवरा,१८५६०,नेपाली काँग्रेस,मधु सुदन पौडेल,१०६८२,नेपाल कम्यूनिष्ट पार्टी (ए. मा. ले),हरि दहाल,६१९६,एकीकृत नेपाल कम्युनिष्ट पार्टी (माओवादी)
,Lalitpur-2,चन्द्र महर्जन,२३२३१,नेपाली काँग्रेस,सरोज ड‍गोल,१२०५९,एकीकृत नेपाल कम्युनिष्ट पार्टी (माओवादी),कृष्ण लाल महर्जन,९१०८,नेपाल कम्यूनिष्ट पार्टी (ए. मा. ले)
,Lalitpur-3,मदन बहादुर अमात्य,२३५६६,नेपाली काँग्रेस,रघुजी पन्त,१२३०८,नेपाल कम्यूनिष्ट पार्टी (ए. मा. ले),दिनेश महर्जन,११४४१,एकीकृत नेपाल कम्युनिष्ट पार्टी (माओवादी)
Kavrepalanchok,Kavrepalanchok-1,तिर्थ बहादुर लामा,१२२७०,नेपाली काँग्रेस,सूर्यमान तामाङ दोङ,९७६३,एकीकृत नेपाल कम्युनिष्ट पार्टी (माओवादी),संग्राम जित लामा,९१२५,नेपाल कम्यूनिष्ट पार्टी (ए. मा. ले)
,Kavrepalanchok-2,राम हरि सुवेदी,१३५१०,नेपाल कम्यूनिष्ट पार्टी (ए. मा. ले),शिव प्रसाद हुमगाई,११०४०,नेपाली काँग्रेस,अक्‍कल वहादुर थिङ,५९१३,एकीकृत नेपाल कम्युनिष्ट पार्टी (माओवादी)
,Kavrepalanchok-3,कन्‍चन चन्‍द्र बादे,१९३९१,नेपाली काँग्रेस,गोकुल प्रसाद बाँस्‍कोटा,१६७६१,नेपाल कम्यूनिष्ट पार्टी (ए. मा. ले),मिना तामाङ,५८८६,एकीकृत नेपाल कम्युनिष्ट पार्टी (माओवादी)
,Kavrepalanchok-4,विदुर प्रसाद सापकोटा,१६७५४,नेपाल कम्यूनिष्ट पार्टी (ए. मा. ले),कुमार प्रसाद लामिछाने,११७८९,नेपाली काँग्रेस,नारायण बानिया,९११८,एकीकृत नेपाल कम्युनिष्ट पार्टी (माओवादी)
Sindhupalchok,Sindhupalchok-1,मोहन वहादुर वस्नेत,१५०२१,नेपाली काँग्रेस,अरुण प्रसाद नेपाल,१४९८९,नेपाल कम्यूनिष्ट पार्टी (ए. मा. ले),सरल सहयात्री पौडेल,१०३३०,एकीकृत नेपाल कम्युनिष्ट पार्टी (माओवादी)
,Sindhupalchok-2,अग्नी प्रसाद सापकोटा,१२८०८,एकीकृत नेपाल कम्युनिष्ट पार्टी (माओवादी),सुभाष कर्माचार्य,१२१५८,नेपाल कम्यूनिष्ट पार्टी (ए. मा. ले),विष्णु विक्रम थापा,६३९१,राष्ट्रिय प्रजातन्त्र पार्टी
,Sindhupalchok-3,शेर बहादुर तामाङ्ग,१४५२७,नेपाल कम्यूनिष्ट पार्टी (ए. मा. ले),पशुपति शम्सेर ज.ब.रा.,१२०९०,राष्ट्रिय प्रजातन्त्र पार्टी,तारानाथ दाहाल,६५८८,नेपाली काँग्रेस
Makawanpur,Makawanpur-1,इन्द्र बहादुर वानिया,११८८८,नेपाली काँग्रेस,अणराज जर्गामगर,९५२२,नेपाल कम्यूनिष्ट पार्टी (ए. मा. ले),सर्केश घलान,५७८९,एकीकृत नेपाल कम्युनिष्ट पार्टी (माओवादी)
,Makawanpur-2,सुभास चन्द्र शाह ठकुरी,११७११,नेपाल कम्यूनिष्ट पार्टी (ए. मा. ले),नारायण काजी श्रेष्‍ठ,१०७४०,एकीकृत नेपाल कम्युनिष्ट पार्टी (माओवादी),जयराम लामिछाने,८४७७,नेपाली काँग्रेस
,Makawanpur-3,अनन्त प्रसाद पौडेल,१४२६८,नेपाल कम्यूनिष्ट पार्टी (ए. मा. ले),दिपक बहादुर सिंह,११४६७,राष्ट्रिय प्रजातन्त्र पार्टी नेपाल,रघु रमण न्यौपाने,८५९१,नेपाली काँग्रेस
,Makawanpur-4,राजराम स्याङतान,१०९०४,नेपाल कम्यूनिष्ट पार्टी (ए. मा. ले),सोनाम सिं स्याङतान,७७८८,एकीकृत नेपाल कम्युनिष्ट पार्टी (माओवादी),उमा दाहाल,५१०८,नेपाली काँग्रेस
Rautahat,Rautahat-1,माधव कुमार नेपाल,८३६१,नेपाल कम्यूनिष्ट पार्टी (ए. मा. ले),अजय कुमार गुप्ता,८०२३,"मधेशी जनअधिकार फोरम, नेपाल(लोकतान्त्रिक)",अनिल कुमार झा,४२३४,संघीय सद्भावना पार्टी
,Rautahat-2,मो. मुस्ताक आलम,१३४५०,"मधेशी जनअधिकार फोरम, नेपाल(लोकतान्त्रिक)",मोहम्मद अफताब आलम,१०४०५,नेपाली काँग्रेस,किरण कुमार साह,४६८५,एकीकृत नेपाल कम्युनिष्ट पार्टी (माओवादी)
,Rautahat-3,प्रभु साह,१३००९,एकीकृत नेपाल कम्युनिष्ट पार्टी (माओवादी),रामकिशोर प्रसाद यादव,१०२१०,"मधेशी जनअधिकार फोरम, नेपाल",हृदय नारायण प्रसाद साह,५३३३,नेपाल कम्यूनिष्ट पार्टी (ए. मा. ले)
,Rautahat-4,सत्‍यनारायण भगत विन,१०००८,एकीकृत नेपाल कम्युनिष्ट पार्टी (माओवादी),सरला कुमारी यादव,९८१२,नेपाल कम्यूनिष्ट पार्टी (ए. मा. ले),कृष्ण प्रसाद यादव,७८८५,नेपाली काँग्रेस
,Rautahat-5,सुनील कुमार यादव,१४३९८,नेपाली काँग्रेस,वासुदेव प्रसाद राय,८०७१,नेपाल कम्यूनिष्ट पार्टी (ए. मा. ले),विन्देश्‍वर राय यादव,७७७६,एकीकृत नेपाल कम्युनिष्ट पार्टी (माओवादी)
,Rautahat-6,राम कुमार भट‍्टराई,१४३९८,नेपाल कम्यूनिष्ट पार्टी (ए. मा. ले),देवप्रसाद तिमल्सिना,१३८५६,नेपाली काँग्रेस,देवेन्द्र प्रसाद पटेल,६६८१,एकीकृत नेपाल कम्युनिष्ट पार्टी (माओवादी)
Bara,Bara-1,रामअयोध्या प्रसाद यादव,८३३७,नेपाली काँग्रेस,रामकिशोर प्रसाद यादव,६९७८,मधेशी जनअधिकार फोरम (गणतान्त्रिक),जितेन्द्र सिंह,४७६३,तराई–मधेश लोकतान्त्रिक पार्टी
,Bara-2,राधे चन्द्र यादव,८८६७,नेपाली काँग्रेस,वाचा राउत अहिर,४५०५,"मधेशी जनअधिकार फोरम, नेपाल",रामबाबु प्रसाद यादव,४३६२,एकीकृत नेपाल कम्युनिष्ट पार्टी (माओवादी)
,Bara-3,फरमुल्लाह मंसुर,१०४५६,नेपाली काँग्रेस,बिनोद प्रसाद साह,९४२७,नेपाल कम्यूनिष्ट पार्टी (ए. मा. ले),प्रमोद प्रसाद गुप्ता,४७१५,राष्ट्रिय मधेश समाजवादी पार्टी
,Bara-4,नजमा खातुन,१२३६१,नेपाल कम्यूनिष्ट पार्टी (ए. मा. ले),सुनिल कुमार गुप्ता कलवार,७३९६,नेपाली काँग्रेस,जितेन्द्र प्रसाद सोनार,६१९९,तराई–मधेश लोकतान्त्रिक पार्टी
,Bara-5,बलबीर प्रसाद चौधरी,१५८००,नेपाल कम्यूनिष्ट पार्टी (ए. मा. ले),उमाकान्त चौधरी,१०६७१,नेपाली काँग्रेस,रामबाबु कुमार यादव,४०७२,"मधेशी जनअधिकार फोरम, नेपाल"
,Bara-6,पुरुषोत्तम पौडेल,१६५११        ,नेपाल कम्यूनिष्ट पार्टी (ए. मा. ले),शम्भु बहादुर बुढाथोकी,१२१७९,नेपाली काँग्रेस,क्षेत्र बहादुर श्रेष्ठ,७०६५        ,एकीकृत नेपाल कम्युनिष्ट पार्टी (माओवादी)
Parsa,Parsa-1,राजेन्द्र अमात्य,१२४६३        ,नेपाली काँग्रेस,बिमल प्रसाद श्रीवास्तव,९२९१        ,तराई–मधेश लोकतान्त्रिक पार्टी,राजेश मान सिंह,५५३२        ,राष्ट्रिय मधेश समाजवादी पार्टी
,Parsa-2,विचारी प्रसाद यादव,८७१४        ,नेपाल कम्यूनिष्ट पार्टी (ए. मा. ले),प्रदिप यादव,६७११        ,"मधेशी जनअधिकार फोरम, नेपाल",अजय कुमार द्धुवेदी,६५१६        ,नेपाली काँग्रेस
,Parsa-3,राज कुमार गुप्‍ता,१६१९२        ,नेपाल कम्यूनिष्ट पार्टी (ए. मा. ले),अजय कुमार चौरसिया,१२२७५        ,नेपाली काँग्रेस,छोटेलाल प्रसाद यादव,२७७६        ,"मधेशी जनअधिकार फोरम, नेपाल"
,Parsa-4,सुरेन्द्र प्रसाद चौधरी,१२९६३        ,नेपाली काँग्रेस,राज कुमार यादव,७१४२        ,"सङ्घीय समाजवादी पार्टी, नेपाल",प्रदुमन प्रसाद चौहान,६३८३,नेपाल कम्यूनिष्ट पार्टी (ए. मा. ले)
,Parsa-5,जय प्रकाश थारु,१०४५०,नेपाल कम्यूनिष्ट पार्टी (ए. मा. ले),रमेश रिजाल,९३०६,नेपाली काँग्रेस,उर्मिला अर्याल,७३४०        ,एकीकृत नेपाल कम्युनिष्ट पार्टी (माओवादी)
Chitwan,Chitwan-1,सुरेन्द्र प्रसाद पाण्डे,१८७६०,नेपाल कम्यूनिष्ट पार्टी (ए. मा. ले),राजेन्द्र प्रसाद बुर्लाकोटी,१३७४५,नेपाली काँग्रेस,यम बहादुर परियार,४७१५,एकीकृत नेपाल कम्युनिष्ट पार्टी (माओवादी)
,Chitwan-2,शेष नाथ अधिकारी,१७८१०,नेपाली काँग्रेस,कृष्ण प्रसाद शर्मा खनाल,१६८११,नेपाल कम्यूनिष्ट पार्टी (ए. मा. ले),विश्व भक्त दुलाल,९३२०,एकीकृत नेपाल कम्युनिष्ट पार्टी (माओवादी)
,Chitwan-3,कृष्ण भक्त पोख्रेल,१५६६१,नेपाल कम्यूनिष्ट पार्टी (ए. मा. ले),भिम बहादुर श्रेष्ठ,१३२४४,नेपाली काँग्रेस,नारायण प्रसाद दाहाल,९०८५,एकीकृत नेपाल कम्युनिष्ट पार्टी (माओवादी)
,Chitwan-4,सुशिल कोइराला,२०७६०,नेपाली काँग्रेस,चित्र बहादुर श्रेष्ठ,१०७३९,एकीकृत नेपाल कम्युनिष्ट पार्टी (माओवादी),दिल कुमारी रावल थापा,१००६७,नेपाल कम्यूनिष्ट पार्टी (ए. मा. ले)
,Chitwan-5,बिक्रम पाण्डे,१०८५८,राष्ट्रिय प्रजातन्त्र पार्टी,दान बहादुर तमाङ्ग,८४०६,नेपाल कम्यूनिष्ट पार्टी (ए. मा. ले),अमिक शेरचन,६५५५,एकीकृत नेपाल कम्युनिष्ट पार्टी (माओवादी)
Gorkha,Gorkha-1,डा.बाबुराम भट्टराई,२२८२४,एकीकृत नेपाल कम्युनिष्ट पार्टी (माओवादी),किरण बाबु श्रेष्‍ठ,८९७१,नेपाली काँग्रेस,राम शरण बस्नेत,४९४४,नेपाल कम्यूनिष्ट पार्टी (ए. मा. ले)
,Gorkha-2,हितराज पाण्डे,२०७६१,एकीकृत नेपाल कम्युनिष्ट पार्टी (माओवादी),रविकला शर्मा न्यौपाने,७९२९,नेपाली काँग्रेस,बाबुराम अधिकारी,३४३१,नेपाल कम्यूनिष्ट पार्टी (ए. मा. ले)
,Gorkha-3,छम बहादुर गुरुङ,१४४४०,एकीकृत नेपाल कम्युनिष्ट पार्टी (माओवादी),हरि बहादुर घले,१०३४२,नेपाली काँग्रेस,कृष्ण बहादुर नेपाली,४९५४,नेपाल कम्यूनिष्ट पार्टी (ए. मा. ले)
Manang,Manang-1,टेक बहादुर गुरुङ,१५२७,नेपाली काँग्रेस,त्रिपल पी गुरुङ,११९२,राष्ट्रिय प्रजातन्त्र पार्टी,भुजुङ्ग गुरुङ्ग,५६३,राष्ट्रिय प्रजातन्त्र पार्टी नेपाल
Lamjung,Lamjung-1,जमिन्द्रमान घले,११३०९,नेपाल कम्यूनिष्ट पार्टी (ए. मा. ले),डा. टकराज गुरुङ,१०४११,नेपाली काँग्रेस,देवेन्द्र पराजुली,६३५५,एकीकृत नेपाल कम्युनिष्ट पार्टी (माओवादी)
,Lamjung-2,चन्द्र बहादुर कुँवर,१४७६५,नेपाली काँग्रेस,पृथ्वी सुब्बा गुरुङ,१४०९३,नेपाल कम्यूनिष्ट पार्टी (ए. मा. ले),पारसमणि पौडेल,५२९५,एकीकृत नेपाल कम्युनिष्ट पार्टी (माओवादी)
Kaski,Kaski-1,यज्ञ बहादुर थापा,१५८३२,नेपाली काँग्रेस,मान बहादुर जि.सि.,१५५६०,नेपाल कम्यूनिष्ट पार्टी (ए. मा. ले),बिष्णु पौडेल,६४७५,एकीकृत नेपाल कम्युनिष्ट पार्टी (माओवादी)
,Kaski-2,शारदा पौडेल,११६६२,नेपाली काँग्रेस,कृष्ण बहादुर थापा,११३१८,नेपाल कम्यूनिष्ट पार्टी (ए. मा. ले),बखन सिंङ्ग गुरुङ्ग,५६०५,एकीकृत नेपाल कम्युनिष्ट पार्टी (माओवादी)
,Kaski-3,रविन्द्र अधिकारी,१३११०,नेपाल कम्यूनिष्ट पार्टी (ए. मा. ले),सोभियत बहादुर अधिकारी,१०८०८,नेपाली काँग्रेस,रामजी प्रसाद बराल (जीवन),४४३१,एकीकृत नेपाल कम्युनिष्ट पार्टी (माओवादी)
,Kaski-4,सिता गिरी (ओली),१५४३८,नेपाल कम्यूनिष्ट पार्टी (ए. मा. ले),महादेव गुरुङ्ग,१३१४७,नेपाली काँग्रेस,गुप्त बहादुर ठकुरी,७१८३,एकीकृत नेपाल कम्युनिष्ट पार्टी (माओवादी)
Tanahu,Tanahu-1,शंकर भण्डारी,१५७१३,नेपाली काँग्रेस,राम बहादुर गुरुङ,११०१८,नेपाल कम्यूनिष्ट पार्टी (ए. मा. ले),सिता पोखरेल,६४८०,एकीकृत नेपाल कम्युनिष्ट पार्टी (माओवादी)
,Tanahu-2,रामचन्द्र पौडेल,१८१४९,नेपाली काँग्रेस,कृष्ण कुमार श्रेष्ठ,११७३९,नेपाल कम्यूनिष्ट पार्टी (ए. मा. ले),ओमराज आले,४४९३,एकीकृत नेपाल कम्युनिष्ट पार्टी (माओवादी)
,Tanahu-3,टुक राज सिग्देल,१५९७४,नेपाल कम्यूनिष्ट पार्टी (ए. मा. ले),जित प्रकाश आलेमगर,१४३८५,नेपाली काँग्रेस,रमेश सिग्देल,५४२८,एकीकृत नेपाल कम्युनिष्ट पार्टी (माओवादी)
Syangja,Syangja-1,राजु थापा,१६६९९,नेपाली काँग्रेस,नारायण प्रसाद मरासिनी,१५४११,नेपाल कम्यूनिष्ट पार्टी (ए. मा. ले),शैलेन्द्र घिमिरे,४७१०,एकीकृत नेपाल कम्युनिष्ट पार्टी (माओवादी)
,Syangja-2,कमल प्रसाद पंगेनी,१७७९१,नेपाली काँग्रेस,कृष्ण खाँण,१६२६४,नेपाल कम्यूनिष्ट पार्टी (ए. मा. ले),कल्पना अर्याल,२८०९,एकीकृत नेपाल कम्युनिष्ट पार्टी (माओवादी)
,Syangja-3,मुक्ति प्रसाद पाठक,१८७१७,नेपाल कम्यूनिष्ट पार्टी (ए. मा. ले),मोहन प्रसाद पाण्डे,१५०२३,नेपाली काँग्रेस,डम्बर देव अर्याल,५३१३,एकीकृत नेपाल कम्युनिष्ट पार्टी (माओवादी)
Gulmi,Gulmi-1,कृष्ण बहादुर छन्तेल थापा,१०५९२,नेपाली काँग्रेस,मैना कुमारी भण्डारी,१०४३३,नेपाल कम्यूनिष्ट पार्टी (ए. मा. ले),सुदर्शन बराल,५०३२,एकीकृत नेपाल कम्युनिष्ट पार्टी (माओवादी)
,Gulmi-2,चन्द्र कान्त भण्डारी,२११८९,नेपाली काँग्रेस,प्रदीप कुमार ज्ञवाली,१८६८१,नेपाल कम्यूनिष्ट पार्टी (ए. मा. ले),अशोक थापा,४५३१,एकीकृत नेपाल कम्युनिष्ट पार्टी (माओवादी)
,Gulmi-3,गोकर्ण राज विष्ट,१८४३२,नेपाल कम्यूनिष्ट पार्टी (ए. मा. ले),त्रैलोक्य प्रताप सेन,१०२९४,नेपाली काँग्रेस,बामदेव क्षेत्री,६४९७,एकीकृत नेपाल कम्युनिष्ट पार्टी (माओवादी)
Palpa,Palpa-1,राधाकृष्ण कडेल,१७८०४,नेपाल कम्यूनिष्ट पार्टी (ए. मा. ले),सितादेवी देवकोटा पाण्डे,११९५८,नेपाली काँग्रेस,तेज बहादुर सिजाली,२७८०,एकीकृत नेपाल कम्युनिष्ट पार्टी (माओवादी)
,Palpa-2,सोम प्रसाद पाण्डे,१३१९३,नेपाल कम्यूनिष्ट पार्टी (ए. मा. ले),विर बहादुर राना,१३०९८,नेपाली काँग्रेस,बसन्त कुमार शर्मा,४९६७,एकीकृत नेपाल कम्युनिष्ट पार्टी (माओवादी)
,Palpa-3,हरि प्रसाद नेपाल,१३१३५,नेपाली काँग्रेस,कुल प्रसाद नेपाल,११५५४,नेपाल कम्यूनिष्ट पार्टी (ए. मा. ले),नेत्र प्रसाद पाण्डे,७१०१,एकीकृत नेपाल कम्युनिष्ट पार्टी (माओवादी)
Arghakhanchi,Arghakhanchi-1,टोप बहादुर रायमाझी,१२२८६,एकीकृत नेपाल कम्युनिष्ट पार्टी (माओवादी),डा‍. राम बहादुर बि.सी.,११२३४,नेपाली काँग्रेस,नरेन्द्र कुमार क्षेत्री,१०२४०,नेपाल कम्यूनिष्ट पार्टी (ए. मा. ले)
,Arghakhanchi-2,डा‍. दुमन सिंह थापा क्षेत्री,१६६५०,नेपाल कम्यूनिष्ट पार्टी (ए. मा. ले),पुष्पा भुसाल गौतम,१४०३६,नेपाली काँग्रेस,विष्णु प्रसाद आचार्य,६८८२,एकीकृत नेपाल कम्युनिष्ट पार्टी (माओवादी)
Nawalparasi,Nawalparasi-1,शशांक कोइराला,१८२२८,नेपाली काँग्रेस,दिपक अधिकारी क्षेत्री,१२१२०,नेपाल कम्यूनिष्ट पार्टी (ए. मा. ले),विक्रम पाण्डे,६४१२,राष्ट्रिय प्रजातन्त्र पार्टी
,Nawalparasi-2,जीवन श्रेष्ठ,१६२२१,नेपाल कम्यूनिष्ट पार्टी (ए. मा. ले),महेन्द्र ध्वज जी.सी.        ,१३३५८,नेपाली काँग्रेस,मोती प्रसाद पंगाली        ,५४६७,एकीकृत नेपाल कम्युनिष्ट पार्टी (माओवादी)        
,Nawalparasi-3,कृष्ण प्रसाद पौडेल,१४८०४,नेपाल कम्यूनिष्ट पार्टी (ए. मा. ले),कृष्ण चन्द्र नेपाली पोखरेल,१४४७९,नेपाली काँग्रेस,सीता देवी वौडेल,५३८३,एकीकृत नेपाल कम्युनिष्ट पार्टी (माओवादी)        
,Nawalparasi-4,वैजनाथ चौधरी थारु,१०७५०,नेपाल कम्यूनिष्ट पार्टी (ए. मा. ले),देवेन्द्र राज कंडेल,७५५०,नेपाली काँग्रेस        ,गुण निधी तिवारी,६८६१,स्वतन्त्र
,Nawalparasi-5,विक्रम खनाल,९२०४,नेपाली काँग्रेस,दिपेन्द्र कुमार अधिकारी,७४२३,नेपाल कम्यूनिष्ट पार्टी (ए. मा. ले),देवानन्द फौजदार,५६२१,थरुहट तराई पार्टी नेपाल
,Nawalparasi-6,देवकरण प्रसाद कलवार        ,१४५८०,नेपाली काँग्रेस,,,,,,
Rupandehi,Rupandehi-1,,,,,,,,,
,Rupandehi-2,,,,,,,,,
,Rupandehi-3,,,,,,,,,
,Rupandehi-4,,,,,,,,,
,Rupandehi-5,,,,,,,,,
,Rupandehi-6,,,,,,,,,
,Rupandehi-7,,,,,,,,,
Kapilbastu,Kapilbastu-1,,,,,,,,,
,Kapilbastu-2,,,,,,,,,
,Kapilbastu-3,,,,,,,,,
,Kapilbastu-4,,,,,,,,,
,Kapilbastu-5,,,,,,,,,
Mustang,Mustang-1,रोमी गौचन थकाली,१४२४,नेपाली काँग्रेस,प्रेम प्रसाद तुलाचन,१४०२,स्वतन्त्र,चन्द्रमोहन गौचन,१०९९,नेपाल कम्यूनिष्ट पार्टी (ए. मा. ले)
Myagdi,Myagdi-1,नबराज शर्मा,१५९५५,नेपाल कम्यूनिष्ट पार्टी (ए. मा. ले),खम बहादुर गर्वुजा (खमविर),१२५०९,नेपाली काँग्रेस,लोकेन्द्र विष्ट मगर,६४५०,एकीकृत नेपाल कम्युनिष्ट पार्टी (माओवादी)
Baglung,Baglung-1,हरी बहादुर खड्का,१३५००,नेपाली काँग्रेस,हिरा बहादुर खत्री,११९६३,नेपाल कम्यूनिष्ट पार्टी (ए. मा. ले),कृष्ण बहादुर के.सी.,६००३,एकीकृत नेपाल कम्युनिष्ट पार्टी (माओवादी)
,Baglung-2,प्रकाश शर्मा पौडेल        ,१०२५३,नेपाली काँग्रेस,राजेन्द्र ढुँगाना,८०३१,राष्ट्रिय जनमोर्चा,लिल बहादुर थापा मगर,५८५४,एकीकृत नेपाल कम्युनिष्ट पार्टी (माओवादी)
,Baglung-3,ज्ञान कुमारी छन्त्याल,१००८९,नेपाली काँग्रेस,तुल्सीराम अर्याल,८२१२,एकीकृत नेपाल कम्युनिष्ट पार्टी (माओवादी),शान्ति कुमारी अधिकारी जिसी,५०२९,नेपाल कम्यूनिष्ट पार्टी (ए. मा. ले)
Parbat,Parbat-1,,,,,,,,,
,Parbat-2,,,,,,,,,
Rukum,Rukum-1,,,,,,,,,
,Rukum-2,,,,,,,,,
Rolpa,Rolpa-1,,,,,,,,,
,Rolpa-2,,,,,,,,,
Pyuthan,Pyuthan-1,,,,,,,,,
,Pyuthan-2,,,,,,,,,
Salyan,Salyan-1,,,,,,,,,
,Salyan-2,,,,,,,,,
Dang,Dang-1,,,,,,,,,
,Dang-2,,,,,,,,,
,Dang-3,,,,,,,,,
,Dang-4,,,,,,,,,
,Dang-5,,,,,,,,,
Dolpa,Dolpa-1,,,,,,,,,
Mugu,Mugu-1,,,,,,,,,
Jumla,Jumla-1,,,,,,,,,
Kalikot,Kalikot-1,,,,,,,,,
Humla,Humla-1,,,,,,,,,
Jajarkot,Jajarkot-1,,,,,,,,,
,Jajarkot-2,,,,,,,,,
Dailekh,Dailekh-1,,,,,,,,,
,Dailekh-2,,,,,,,,,
Surkhet,Surkhet-1,,,,,,,,,
,Surkhet-2,,,,,,,,,
,Surkhet-3,,,,,,,,,
Banke,Banke-1,,,,,,,,,
,Banke-2,,,,,,,,,
,Banke-3,,,,,,,,,
,Banke-4,,,,,,,,,
Bardia,Bardia-1,,,,,,,,,
,Bardia-2,,,,,,,,,
,Bardia-3,,,,,,,,,
,Bardia-4,,,,,,,,,
Bajura,Bajura-1,कर्ण बहादुर थापा,२२४५८,नेपाल कम्यूनिष्ट पार्टी (ए. मा. ले),मन बहादुर रावल,१८१२५,नेपाली काँग्रेस,सहदेव बोगटी,५६१३        ,एकीकृत नेपाल कम्युनिष्ट पार्टी (माओवादी)
Achham,Achham-1,भीम बहादुर रावल,१७७२५,नेपाल कम्यूनिष्ट पार्टी (ए. मा. ले),मेघ राज खड्का,१२९६८,नेपाली काँग्रेस,दिपक बहादुर साउँद,१०९६७,एकीकृत नेपाल कम्युनिष्ट पार्टी (माओवादी)
,Achham-2,भरत साउँद,१६६६४,नेपाल कम्यूनिष्ट पार्टी (ए. मा. ले),बल बहादुर कुँवर,१५४९०,नेपाली काँग्रेस,झंकर बहादुर रावल,४४९०,एकीकृत नेपाल कम्युनिष्ट पार्टी (माओवादी)
Bajhang,Bajhang-1,मान प्रसाद खत्री,११५३०,नेपाल कम्यूनिष्ट पार्टी (ए. मा. ले),अर्जुनजंग बहादुर सिंह,१०७०८,नेपाली काँग्रेस,देवराज रेग्मी,७३५३,एकीकृत नेपाल कम्युनिष्ट पार्टी (माओवादी)
,Bajhang-2,लाल बहादुर रावल,१०५९४,नेपाल कम्यूनिष्ट पार्टी (ए. मा. ले),नरेश बहादुर सिंह,१००९६,नेपाली काँग्रेस,हरि कुँवर,५००९,एकीकृत नेपाल कम्युनिष्ट पार्टी (माओवादी)
Doti,Doti-1,विर बहादुर वलायर,१६९५७,नेपाली काँग्रेस,नारद मलासी,८२४७,नेपाल कम्यूनिष्ट पार्टी (ए. मा. ले),मोहन बहादुर बम,४७९६,एकीकृत नेपाल कम्युनिष्ट पार्टी (माओवादी)
,Doti-2,प्रेम बहादुर आले,१२४००,नेपाल कम्यूनिष्ट पार्टी (ए. मा. ले),योगेन्द्र बहादुर शाही,१०९१४,नेपाली काँग्रेस,त्रिलोचन भट्ट,५३४६,एकीकृत नेपाल कम्युनिष्ट पार्टी (माओवादी)
Kailali,Kailali-1,जनक राज चौधरी,११२९४,"मधेशी जनअधिकार फोरम, नेपाल(लोकतान्त्रिक)",रण बहादुर रावल,९१४०,नेपाली काँग्रेस,प्रेम बहादुर साउद,६९७७,नेपाल कम्यूनिष्ट पार्टी (ए. मा. ले)
,Kailali-2,मोहन सि‌ह राठौर,११९३२,नेपाल कम्यूनिष्ट पार्टी (ए. मा. ले),कमल बहादुर शाह,८३९६,नेपाली काँग्रेस,भिम बहादुर कडायत क्षेत्री,५९५२,एकीकृत नेपाल कम्युनिष्ट पार्टी (माओवादी)
,Kailali-3,राम जनम चौधरी,११०२७,"मधेशी जनअधिकार फोरम, नेपाल(लोकतान्त्रिक)",नारायण दत्त मिश्र,९७४८,नेपाली काँग्रेस,भानु राम डगौरा थारु,७९७०,थरुहट तराई पार्टी नेपाल
,Kailali-4,गौरी शंकर चौधरी        ,११९६८,एकीकृत नेपाल कम्युनिष्ट पार्टी (माओवादी),खेम राज डगौरा थारु,८६१०,नेपाली काँग्रेस,दीर्घ बहादुर सोडारी,६७५६,नेपाल कम्यूनिष्ट पार्टी (ए. मा. ले)
,Kailali-5,दिर्घ राज भाट,१६३४६,नेपाली काँग्रेस,लेख राज भट्ट,९३३४,एकीकृत नेपाल कम्युनिष्ट पार्टी (माओवादी),पदम सिंह सिंघाल,९१३९,नेपाल कम्यूनिष्ट पार्टी (ए. मा. ले)
,Kailali-6,शेर बहादुर देउवा,१६४८९,नेपाली काँग्रेस,महेश्वर पाठक,८५६३,नेपाल कम्यूनिष्ट पार्टी (ए. मा. ले),लिला कुमारी भण्डारी,४७६४,एकीकृत नेपाल कम्युनिष्ट पार्टी (माओवादी)
Darchula,Darchula-1,गणेश सिंह ठगुन्ना,२०४७०,नेपाल कम्यूनिष्ट पार्टी (ए. मा. ले),दिलेन्द्र प्रसाद बडू,१९२३६,नेपाली काँग्रेस,ललित सिंह ठगुन्ना,९०१७,एकीकृत नेपाल कम्युनिष्ट पार्टी (माओवादी)
Baitadi,Baitadi-1,दामोदर भण्डारी,११६७२,नेपाल कम्यूनिष्ट पार्टी (ए. मा. ले),लोकराज अवस्थी,१०६८०,नेपाली काँग्रेस,नरेन्द्र बहादुर कुँवर,९३०६,एकीकृत नेपाल कम्युनिष्ट पार्टी (माओवादी)
,Baitadi-2,नर बहादुर चन्द,१२४६६,नेपाली काँग्रेस,महादेव भट्ट,६४८७,नेपाल कम्यूनिष्ट पार्टी (ए. मा. ले),रेणु चन्द,५४४८,एकीकृत नेपाल कम्युनिष्ट पार्टी (माओवादी)
Dadeldhura,Dadeldhura-1,शेर बहादुर देउबा,२३९२०,नेपाली काँग्रेस,खगराज भट्ट,१२४९३,एकीकृत नेपाल कम्युनिष्ट पार्टी (माओवादी),तारा प्रसाद जोशी,७१९०,नेपाल कम्यूनिष्ट पार्टी (ए. मा. ले)
Kanchanpur,Kanchanpur-1,दिवान सिंह विष्ट,१०२९४,नेपाली काँग्रेस,लाल बहादुर विश्वकर्मा,९२३६,नेपाल कम्यूनिष्ट पार्टी (ए. मा. ले),विना मगर,९१५१,एकीकृत नेपाल कम्युनिष्ट पार्टी (माओवादी)
,Kanchanpur-2,नारायण प्रकाश साउद,१३४१५,नेपाली काँग्रेस,तारा लामा तमाङ,९६७६,नेपाल कम्यूनिष्ट पार्टी (ए. मा. ले),अमिन प्रसाद दहित,८२९३,एकीकृत नेपाल कम्युनिष्ट पार्टी (माओवादी)
,Kanchanpur-3,बहादुर सिंह थापा,१२८३६,नेपाली काँग्रेस,नर बहादुर धामी,९६४३,नेपाल कम्यूनिष्ट पार्टी (ए. मा. ले),टेकेन्द्र प्रसाद भट्ट,६३००,एकीकृत नेपाल कम्युनिष्ट पार्टी (माओवादी)
,Kanchanpur-4,रमेश लेखक,१४०२३,नेपाली काँग्रेस,मोहन गिरी,५४३७,एकीकृत नेपाल कम्युनिष्ट पार्टी (माओवादी),धर्म राज जोशी,४९३९,राष्ट्रिय प्रजातन्त्र पार्टी 